,Company Name,CIK
0,1ST STATE BANCORP INC,1074078
1,3CI COMPLETE COMPLIANCE CORP,883787
2,3COM CORP,738076
3,510152 N B LTD,1101202
4,AAC Group Holding Corp.,1311835
5,ABLE ENERGY INC,1065728
6,ABM INDUSTRIES INC /DE/,771497
7,ABRAMS INDUSTRIES INC,1923
8,ACCENTURE LTD,1134538
9,ACCESS CAPITAL STRATEGIES COMMUNITY INVESTMENT FUND INC/MA,1040241
10,ACCREDO HEALTH INC,1068887
11,ACCUPOLL HOLDING CORP,764794
12,ACE CASH EXPRESS INC/TX,849116
13,ACE COMM CORP,1017526
14,ACG HOLDINGS INC,856710
15,ACR GROUP INC,711307
16,ACTION PERFORMANCE COMPANIES INC,892147
17,ACTIVANT SOLUTIONS INC /DE/,1059103
18,ACTIVCARD CORP,1183941
19,ACTUANT CORP,6955
20,ACUITY BRANDS INC,1144215
21,ADC TELECOMMUNICATIONS INC,61478
22,ADDVANTAGE TECHNOLOGIES GROUP INC,874292
23,ADE CORP,884498
24,ADVANCED BIO/CHEM INC,1059677
25,ADVANCED DIGITAL INFORMATION CORP,770403
26,ADVANCED LIGHTING TECHNOLOGIES INC,1002125
27,ADVO INC,801622
28,"AEOLUS PHARMACEUTICALS, INC.",1261734
29,AEP INDUSTRIES INC,785787
30,AEROFLEX INC,2601
31,AFFILIATED COMPUTER SERVICES INC,2135
32,AFP IMAGING CORP,319126
33,AGERE SYSTEMS INC,1129446
34,AGILE SOFTWARE CORP,1088653
35,AGILENT TECHNOLOGIES INC,1090872
36,"AHPC Holdings, Inc.",837038
37,AIR PRODUCTS & CHEMICALS INC /DE/,2969
38,AIRGAS CARBONIC INC,1158058
39,AIRGAS EAST INC,1158045
40,AIRGAS GREAT LAKES INC,1158046
41,AIRGAS GULF STATES INC,1158050
42,AIRGAS INTERMOUNTAIN INC,1158051
43,AIRGAS MID AMERICA INC,1158047
44,AIRGAS MID SOUTH INC,1158193
45,AIRGAS NOR PAC INC,1158052
46,AIRGAS NORTH CENTRAL INC,1158048
47,AIRGAS NORTHERN CALIFORNIA & NEVADA INC,1158053
48,AIRGAS SAFETY INC,1158056
49,AIRGAS SOUTH INC,1158049
50,AIRGAS SOUTHWEST INC,1158054
51,AIRGAS SPECIALTY GASES INC,1158059
52,AIRGAS WEST INC,1158055
53,AIRGATE PCS INC /DE/,1086844
54,AIRPLANES LTD,1004539
55,ALBERTO CULVER CO,3327
56,ALFACELL CORP,708717
57,ALICO INC,3545
58,ALION SCIENCE & TECHNOLOGY CORP,1166568
59,ALKERMES INC,874663
60,ALLBRITTON COMMUNICATIONS CO,889156
61,ALLIANCE SEMICONDUCTOR CORP /DE/,913293
62,ALLIED HEALTHCARE INTERNATIONAL INC,890634
63,ALLIED HOLDINGS INC,909950
64,ALLSTATES WORLDCARGO INC,1072293
65,ALTIGEN COMMUNICATIONS INC,1003607
66,AMCON DISTRIBUTING CO,928465
67,AMERICAN ACHIEVEMENT CORP,1168468
68,AMERICAN COLOR GRAPHICS INC,856709
69,AMERICAN CONSUMERS INC,4811
70,AMERICAN CRYSTAL SUGAR CO /MN/,4828
71,AMERICAN HOMESTAR CORP,922812
72,AMERICAN ITALIAN PASTA CO,849667
73,AMERICAN MEDIA OPERATIONS INC,853927
74,AMERICAN PACIFIC CORP,350832
75,AMERICAN ROCK SALT CO LLC,1073713
76,AMERICAN SKIING CO /ME,1043432
77,AMERICAN TECHNICAL CERAMICS CORP,766430
78,AMERICAN TECHNOLOGY CORP /DE/,924383
79,AMERIGAS EAGLE FINANCE CORP,1161869
80,AMERIGAS FINANCE CORP,945792
81,AMERISOURCEBERGEN CORP,1140859
82,AMERITRADE HOLDING CORP,1173431
83,AMF BOWLING WORLDWIDE INC,1015535
84,AMTECH SYSTEMS INC,720500
85,AMX CORP /TX/,944248
86,ANALOG DEVICES INC,6281
87,ANDREW CORP,317093
88,ANSOFT CORP,849433
89,ANZA CAPITAL INC,926844
90,AP EAGLE FINANCE CORP,1161868
91,"APA Enterprises, Inc.",796505
92,APO HEALTH INC /NV/,1076607
93,APOLLO GROUP INC,929887
94,APPLE COMPUTER INC,320193
95,APPLERA CORP,77551
96,APPLIED EXTRUSION TECHNOLOGIES INC /DE,874389
97,APPLIED FILMS CORP,1040660
98,APPLIED IMAGING CORP,816066
99,APPLIED MATERIALS INC /DE,6951
100,APPLIED SIGNAL TECHNOLOGY INC,741696
101,APPLIED SPECTRUM TECHNOLOGIES INC,705868
102,ARAMARK CORP/DE,1144528
103,ARCHON CORP,812482
104,ARGO TECH CORP,1047837
105,"ARGON ST, Inc.",26537
106,ARIBA INC,1084755
107,ARK RESTAURANTS CORP,779544
108,ARROW INTERNATIONAL INC,886046
109,ARTISOFT INC,877931
110,ARVINMERITOR INC,1113256
111,ASHLAND INC,7694
112,ASHWORTH INC,820774
113,ASTA FUNDING INC,1001258
114,ASYST TECHNOLOGIES INC /CA/,909326
115,ATARI INC,1002607
116,ATC HEALTHCARE INC /DE/,720480
117,ATLAS AMERICA INC,1279228
118,ATMOS ENERGY CORP,731802
119,ATNL INC,1158063
120,ATWOOD OCEANICS INC,8411
121,AUDUBON WEST INC,1062623
122,AULT INC,723639
123,AVANEX CORP,1056794
124,AVAYA INC,1116521
125,AVONDALE INC,911634
126,AZZ INC,8947
127,Aearo CO I,1290498
128,"Ames True Temper, Inc.",1297756
129,BANKUNITED FINANCIAL CORP,894490
130,BARR PHARMACEUTICALS INC,10081
131,BCSB BANKCORP INC,1052101
132,BEACON ROOFING SUPPLY INC,1124941
133,BEAZER HOMES USA INC,915840
134,BECTON DICKINSON & CO,10795
135,BEEPER PLUS INC,793595
136,BEI TECHNOLOGIES INC,1041866
137,BELL OIL CORP,1045543
138,BEST BUY CO INC,764478
139,BIO LOGIC SYSTEMS CORP,355007
140,BIO REFERENCE LABORATORIES INC,792641
141,BIOANALYTICAL SYSTEMS INC,720154
142,BIONUTRICS INC,1030839
143,BIOPURE CORP,815508
144,BIOVERIS CORP,1264899
145,BIRDS EYE FOODS INC,26285
146,BISYS GROUP INC,883587
147,BJ SERVICES CO,864328
148,BLUE RIDGE REAL ESTATE CO,12779
149,BONE CARE INTERNATIONAL INC,1009405
150,BOOTH CREEK SKI HOLDINGS INC,1037253
151,BOSTON ACOUSTICS INC,805268
152,BOSTON RESTAURANT ASSOCIATES INC,926295
153,BRIDGFORD FOODS CORP,14177
154,BROCADE COMMUNICATIONS SYSTEMS INC,1009626
155,BROOKS AUTOMATION INC,933974
156,BROWN JORDAN INTERNATIONAL INC,931814
157,"BUFFETS HOLDINGS, INC.",1292731
158,BULL RUN CORP,319697
159,BWAY CORP,943897
160,"Brooklyn Federal Bancorp, Inc.",1310313
161,C-COR INC,350621
162,CABOT CORP,16040
163,CABOT MICROELECTRONICS CORP,1102934
164,CADMUS COMMUNICATIONS CORP/NEW,745274
165,CAGLES INC,16104
166,CALAVO GROWERS INC,1133470
167,CALIFORNIA MICRO DEVICES CORP,800460
168,CALLWAVE INC,1115091
169,CAM COMMERCE SOLUTIONS INC,819334
170,CANADIAN ROCKPORT HOMES INTERNATIONAL INC,1136263
171,CANAL CAPITAL CORP,101821
172,CANDELA CORP /DE/,793279
173,CASCADE NATURAL GAS CORP,18072
174,CASTLE ENERGY CORP,709355
175,CATALINA LIGHTING INC,822665
176,CATALINA MARKETING CORP/DE,883977
177,CATALYST SEMICONDUCTOR INC,899636
178,CATAPULT COMMUNICATIONS CORP,1063085
179,CEL SCI CORP,725363
180,"CELEBRATE EXPRESS, INC.",1100124
181,CELERITEK INC/CA,919583
182,CENTENNIAL COMMUNICATIONS CORP /DE,879573
183,CENTEX CORP,18532
184,CENTRAL GARDEN & PET CO,887733
185,CENTRAL PARKING CORP,949298
186,CERIDIAN CORP /DE/,1124887
187,CHAD THERAPEUTICS INC,713492
188,CHAMPION INDUSTRIES INC,19149
189,CHAMPPS ENTERTAINMENT INC,1040328
190,CHARLOTTE RUSSE HOLDING INC,1092006
191,CHARTER FINANCIAL CORP/GA,1136796
192,CHASE CORP,830524
193,CHECKFREE CORP \GA\,949341
194,CHESTER VALLEY BANCORP INC,854098
195,CHEVY CHASE PREFERRED CAPITAL CORP,1021179
196,CHOLESTECH CORPORATION,887227
197,CHRONIMED INC,883813
198,CHS INC,823277
199,CIENA CORP,936395
200,CIPRICO INC,720145
201,CIRCUIT CITY STORES INC,104599
202,CLARCOR INC,20740
203,CLEARCOMM L P,1013267
204,CLX ENERGY INC,317438
205,CNS INC /DE/,814258
206,COASTAL FINANCIAL CORP /DE,935930
207,COGNOS INC,746782
208,COHERENT INC,21510
209,COINMACH CORP,91693
210,COINMACH SERVICE CORP,1282858
211,COMDISCO HOLDING CO INC,1179484
212,COMMERCE ENERGY GROUP INC,1274150
213,COMMERCE GROUP CORP /WI/,109757
214,COMMERCIAL METALS CO,22444
215,COMPEX TECHNOLOGIES INC,64578
216,COMPOSITE TECHNOLOGY CORP,317477
217,COMPREHENSIVE HEALTHCARE SOLUTIONS INC,69623
218,COMTEX NEWS NETWORK INC,352988
219,CONCORD CAMERA CORP,831861
220,CONCUR TECHNOLOGIES INC,1066026
221,CONEXANT SYSTEMS INC,1069353
222,CONTINUCARE CORP,803352
223,COOPER COMPANIES INC,711404
224,COPYTELE INC,715446
225,CORRPRO COMPANIES INC /OH/,907072
226,COURIER CORP,25212
227,COX TECHNOLOGIES INC,65031
228,CPAC INC,351717
229,CPI HOLDCO INC,1279176
230,CRAFTMADE INTERNATIONAL INC,856250
231,CRANE EQUIPMENT & SERVICE INC,1263400
232,CREDENCE SYSTEMS CORP,893162
233,CREDO PETROLEUM CORP,277924
234,CRITICARE SYSTEMS INC /DE/,812121
235,CSP INC /MA/,356037
236,CTI MOLECULAR IMAGING INC,1129552
237,CUBIC CORP /DE/,26076
238,CUISINE SOLUTIONS INC,737602
239,CUNO INC,1019779
240,CUTTER & BUCK INC,948069
241,CYBERGUARD CORP,927133
242,CYPRESS COMMUNICATIONS HOLDING CO INC,1056064
243,"Cellu Tissue Holdings, Inc.",1295976
244,D & K HEALTHCARE RESOURCES INC,888914
245,DAILY JOURNAL CORP,783412
246,DAKOTA GROWERS PASTA CO INC,1166347
247,DARDEN RESTAURANTS INC,940944
248,DATASCOPE CORP,27096
249,DATASTREAM SYSTEMS INC,938481
250,DATAWATCH CORP,792130
251,DAWSON GEOPHYSICAL CO,351231
252,DEERE & CO,315189
253,DEERE JOHN CAPITAL CORP,27673
254,DEL MONTE FOODS CO,866873
255,DELPHAX TECHNOLOGIES INC,350692
256,DELTA & PINE LAND CO,902277
257,DELTA MILLS INC,1046860
258,DELTA WOODSIDE INDUSTRIES INC /SC/,806624
259,DIAMONDCLUSTER INTERNATIONAL INC,924940
260,DIASENSE INC/PA,895650
261,DIEDRICH COFFEE INC,947661
262,DIGENE CORP,1011582
263,DIGI INTERNATIONAL INC,854775
264,DIGITAL IMPACT INC /DE/,1095105
265,DIONEX CORP /DE,708850
266,DOCUCORP INTERNATIONAL INC,1033864
267,DOLLAR FINANCIAL GROUP INC,1028643
268,DPAC TECHNOLOGIES CORP,784770
269,DRESS BARN INC,717724
270,DRS TECHNOLOGIES INC,28630
271,DUALSTAR TECHNOLOGIES CORP,929546
272,DUPONT PHOTOMASKS INC,1012128
273,DYNACQ HEALTHCARE INC,890908
274,DYNAMEX INC,1015483
275,DYNTEK INC,879465
276,EAGLE BROADBAND INC,1023139
277,EAGLE FAMILY FOODS HOLDINGS INC,1054040
278,EAGLE FAMILY FOODS INC,1059761
279,EASY GARDENER PRODUCTS LTD,1210936
280,EATON VANCE CORP,350797
281,"EAUTOCLAIMS, INC",1034694
282,EDWARDS A G INC,718482
283,ELECTRONIC CLEARING HOUSE INC,721773
284,ELKCORP,32017
285,ELMERS RESTAURANTS INC,771214
286,EMBARCADERO TECHNOLOGIES INC,1107112
287,EMCORE CORP,808326
288,EMERSON ELECTRIC CO,32604
289,EMTEC INC/NJ,5117
290,EN POINTE TECHNOLOGIES INC,1010305
291,ENERGIZER HOLDINGS INC,1096752
292,ENERGY CORP OF AMERICA,32880
293,ENERGYSOUTH INC,1051286
294,ENGINEERED SUPPORT SYSTEMS INC,772891
295,ENVIRONMENTAL ELEMENTS CORP,863893
296,ENVIRONMENTAL REMEDIATION HOLDING CORP,799235
297,ESCO TECHNOLOGIES INC,866706
298,ESTERLINE TECHNOLOGIES CORP,33619
299,EVANS SYSTEMS INC,904901
300,EVERGREEN HOLDINGS INC,1263810
301,EXCELSIOR PRIVATE EQUITY FUND II INC,1036052
302,EXTENDED SYSTEMS INC,1051490
303,EZ EM INC,727008
304,EZCORP INC,876523
305,F5 NETWORKS INC,1048695
306,FACTSET RESEARCH SYSTEMS INC,1013237
307,FAIR ISAAC CORP,814547
308,FAIRCHILD CORP,9779
309,FAMILY DOLLAR STORES INC,34408
310,"FCStone Group, Inc.",1297846
311,FIDELITY BANCORP INC,769207
312,FINANCIAL FEDERAL CORP,854711
313,FIREARMS TRAINING SYSTEMS INC,1021770
314,FIRST FEDERAL BANKSHARES INC,1075348
315,FIRST FINANCIAL HOLDINGS INC /DE/,787075
316,FIRST INVESTORS FINANCIAL SERVICES GROUP INC,948034
317,FIRST KEYSTONE FINANCIAL INC,856751
318,FIRST PLACE FINANCIAL CORP /DE/,1068912
319,FIRSTBANK NW CORP,1035513
320,FLANIGANS ENTERPRISES INC,12040
321,FLEETWOOD ENTERPRISES INC/DE/,314132
322,FLORIDA ROCK INDUSTRIES INC,37651
323,FOODARAMA SUPERMARKETS INC,37914
324,FOUNTAIN POWERBOAT INDUSTRIES INC,764858
325,FOX ENTERTAINMENT GROUP INC,1068002
326,FRANKLIN COVEY CO,886206
327,FRANKLIN ELECTRONIC PUBLISHERS INC,356841
328,FRANKLIN RESOURCES INC,38777
329,FREE MOTION FITNESS INC,1174469
330,FRMO CORP,1042017
331,FRONTIER AIRLINES INC /CO/,921929
332,FTD INC,944537
333,FUELCELL ENERGY INC,886128
334,GALAXY NUTRITIONAL FOODS INC,819527
335,GAMETECH INTERNATIONAL INC,1045014
336,GARDENBURGER INC,859735
337,GATEWAY TAX CREDIT FUND LTD,824605
338,GENCOR INDUSTRIES INC,64472
339,GENERAL KINETICS INC,40675
340,GENESEE CORP,40934
341,GENESIS HEALTHCARE CORP,1236736
342,GENESIS MICROCHIP INC /DE,1161396
343,GERBER SCIENTIFIC INC,41133
344,GFSI INC,1036327
345,GLADSTONE CAPITAL CORP,1143513
346,GLOBAL IMAGING SYSTEMS INC,1050167
347,GLOBAL PAYMENT TECHNOLOGIES INC,933020
348,GLOBIX CORP,1003111
349,GOLD HILL CORPORATION,774491
350,GREAT WESTERN BANCORPORATION INC,1088381
351,GREATER ATLANTIC FINANCIAL CORP,1082735
352,GREEN MOUNTAIN COFFEE ROASTERS INC,909954
353,GREENBRIER COMPANIES INC,923120
354,GREIF INC,43920
355,GRIFFON CORP,50725
356,GTECH HOLDINGS CORP,857323
357,"GoRemote Internet Communications, Inc.",1059155
358,Gold Kist Inc.,1292215
359,HAGGAR CORP,892533
360,HALIFAX CORP,720671
361,HARBOR FLORIDA BANCSHARES INC,1029407
362,HARLEYSVILLE SAVINGS FINANCIAL CORP,1107160
363,HARVEY ELECTRONICS INC,46043
364,HAUPPAUGE DIGITAL INC,930803
365,HEADWATERS INC,1003344
366,HEI INC,351298
367,HEICO CORP,46619
368,HEINZ HJ FINANCE CO,1169077
369,HELMERICH & PAYNE INC,46765
370,HERLEY INDUSTRIES INC /NEW,47035
371,HEWITT ASSOCIATES INC,1168478
372,HEWLETT PACKARD CO,47217
373,HI/FN INC,1065246
374,HILLENBRAND INDUSTRIES INC,47518
375,HOLOBEAM INC,48105
376,HOLOGIC INC,859737
377,HOME FEDERAL BANCORP INC,1283858
378,HORIZON FINANCIAL CORP,1002682
379,HORIZON HEALTH CORP /DE/,935007
380,HORMEL FOODS CORP /DE/,48465
381,HORTON D R INC /DE/,882184
382,HOST AMERICA CORP,809012
383,HOVNANIAN ENTERPRISES INC,357294
384,HPL TECHNOLOGIES INC,1121980
385,HURCO COMPANIES INC,315374
386,HUTCHINSON TECHNOLOGY INC,772897
387,HYDROFLO INC,1107809
388,HYNES & HOWES INSURANCE COUNSELORS INC,205462
389,HYPERION SOLUTIONS CORP,1001113
390,ICO INC,353567
391,ICON HEALTH & FITNESS INC,934798
392,ICON INTERNATIONAL HOLDINGS INC,785312
393,ICON IP INC,1182076
394,IDENTIX INC,735780
395,IEC ELECTRONICS CORP,49728
396,IKON OFFICE SOLUTIONS INC,3370
397,ILINC COMMUNICATIONS INC,1042291
398,IMMTECH INTERNATIONAL INC,882509
399,IMMUCOR INC,736822
400,IMPAC MEDICAL SYSTEMS INC,1026448
401,IMPERIAL SUGAR CO /NEW/,831327
402,IMPRESO INC,1108345
403,INDEPENDENT GASOLINE & OIL CO OF ROCHESTER,1045547
404,INDEVUS PHARMACEUTICALS INC,854222
405,INDUS INTERNATIONAL INC,1041333
406,INFONET SERVICES CORP,1096512
407,INFOTECH USA INC,1037417
408,INGLES MARKETS INC,50493
409,INNOVATIVE SOLUTIONS & SUPPORT INC,836690
410,INNOVEX INC,50601
411,INSIGHT HEALTH SERVICES HOLDINGS CORP,1145238
412,INSTEEL INDUSTRIES INC,764401
413,INTEGRAL SYSTEMS INC /MD/,718130
414,INTEGRATED CIRCUIT SYSTEMS INC,874689
415,INTEGRATED DATA CORP,941814
416,INTEGRATED ELECTRICAL SERVICES INC,1048268
417,INTEGRATED SILICON SOLUTION INC,854701
418,INTELLISYNC CORP,1020716
419,INTERMAGNETICS GENERAL CORP,351012
420,INTERNATIONAL ALUMINUM CORP,51103
421,"INTERNATIONAL DISPLAYWORKS, INC",866415
422,INTERNATIONAL THOROUGHBRED BREEDERS INC,320573
423,INTERPHARM HOLDINGS INC,893970
424,INTERVOICE INC,764244
425,INTRAWARE INC,1025134
426,IOMED INC,1041652
427,IPC ACQUISITION CORP,1166720
428,IPCS INC,1108727
429,IRVINE SENSORS CORP/DE/,357108
430,ISLAND PACIFIC INC,866535
431,"Intermix Media, Inc.",1088244
432,J&J SNACK FOODS CORP,785956
433,JABIL CIRCUIT INC,898293
434,JACK IN THE BOX INC /NEW/,807882
435,JACKSON HEWITT TAX SERVICE INC,1283552
436,JACLYN INC,52969
437,JACO ELECTRONICS INC,52971
438,JACOBS ENGINEERING GROUP INC /DE/,52988
439,JACUZZI BRANDS INC,1056874
440,JANE BUTEL CORP,1204853
441,JANEL WORLD TRADE LTD,1133062
442,JENNIFER CONVERTIBLES INC,806817
443,JEWETT CAMERON TRADING CO LTD,885307
444,JLG INDUSTRIES INC,216275
445,JLM COUTURE INC,806384
446,JOHNSON CONTROLS INC,53669
447,JOHNSON OUTDOORS INC,788329
448,JORGENSEN EARLE M CO /DE/,54003
449,JOY GLOBAL INC,801898
450,JUMPKING INC,1101201
451,K FED BANCORP,1270985
452,KEITHLEY INSTRUMENTS INC,54991
453,KEY TECHNOLOGY INC,906193
454,KEYNOTE SYSTEMS INC,1032761
455,KEYSTONE AUTOMOTIVE INDUSTRIES INC,1012393
456,KIANTONE PIPELINE CO,1045539
457,KIANTONE PIPELINE CORP,830253
458,KING PHARMACEUTICALS INC,1047699
459,KNAPE & VOGT MANUFACTURING CO,56362
460,KRONOS INC,886903
461,KULICKE & SOFFA INDUSTRIES INC,56978
462,KWIK FIL INC,1045540
463,KWIK FILL INC,1045541
464,LA PETITE ACADEMY INC,901116
465,LABARGE INC,57139
466,LACLEDE GAS CO,57183
467,LACLEDE GROUP INC,1126956
468,LAIDLAW INTERNATIONAL INC,737874
469,LANDAUER INC,825410
470,LASERCARD CORP,30140
471,LASERSIGHT INC /DE,879301
472,LAUREL CAPITAL GROUP INC,892158
473,LAWSON SOFTWARE INC,1141517
474,LAZARE KAPLAN INTERNATIONAL INC,202375
475,"LEARNING CARE GROUP, INC",1003648
476,LEARNING TREE INTERNATIONAL INC,1002037
477,LEE ENTERPRISES INC,58361
478,LEINER HEALTH PRODUCTS INC,1043055
479,LESLIES POOLMART INC,866048
480,LIFECORE BIOMEDICAL INC,28626
481,LIFEPOINT INC,910523
482,LINDSAY MANUFACTURING CO,836157
483,LITTLE SIOUX CORN PROCESSORS LLC,1229899
484,LOGIC DEVICES INC,802851
485,LOGILITY INC,1043915
486,LONGVIEW FIBRE CO,60302
487,LOWRANCE ELECTRONICS INC,804073
488,LPA HOLDING CORP,1062774
489,LUCENT TECHNOLOGIES INC,1006240
490,LUCILLE FARMS INC,908179
491,"LXU Healthcare, Inc.",793523
492,M B A HOLDINGS INC,1097273
493,MACC PRIVATE EQUITIES INC,923808
494,MACROMEDIA INC,913949
495,MAIR HOLDINGS INC,835768
496,MAJESCO HOLDINGS INC,1076682
497,MAN SANG HOLDINGS INC,807630
498,MANATRON INC,798736
499,MANCHESTER TECHNOLOGIES INC,1023876
500,MANUGISTICS GROUP INC,908440
501,MAPICS INC,848551
502,MAPINFO CORP,916238
503,MARINEMAX INC,1057060
504,MARSH SUPERMARKETS INC,62737
505,MARTEK BIOSCIENCES CORP,892025
506,MATRIXONE INC,786998
507,MATTHEWS INTERNATIONAL CORP,63296
508,MAX & ERMAS RESTAURANTS INC,706471
509,MAXCO INC,78966
510,MAXIM PHARMACEUTICALS INC,1013351
511,MAXIMUS INC,1032220
512,MAYORS JEWELERS INC/DE,817946
513,MCRAE INDUSTRIES INC,729284
514,MEDCATH CORP,1139463
515,MEDIA SERVICES GROUP INC,14280
516,MEDIANEWS GROUP INC,918944
517,MEDWAVE INC,876043
518,MEGADATA CORP,225628
519,MEMRY CORP,720896
520,MENTOR CORP /MN/,64892
521,MERCURY AIR GROUP INC,52532
522,MERIDIAN BIOSCIENCE INC,794172
523,MERITAGE HOSPITALITY GROUP INC,808219
524,MERIX CORP,921365
525,MESA AIR GROUP INC,810332
526,META FINANCIAL GROUP INC,907471
527,METAL MANAGEMENT INC,795665
528,MFB CORP,916396
529,MFC DEVELOPMENT CORP,1125532
530,MICROMUSE INC,1036425
531,MICRON TECHNOLOGY INC,723125
532,MICROSEMI CORP,310568
533,MICROWAVE FILTER CO INC /NY/,716688
534,"MINDSPEED TECHNOLOGIES, INC",1224370
535,MINN DAK FARMERS COOPERATIVE,948218
536,MITY ENTERPRISES INC,921030
537,MOBIUS MANAGEMENT SYSTEMS INC,1025148
538,MODENA 3 INC,1271076
539,MOLDFLOW CORP,1103234
540,MONITRONICS INTERNATIONAL INC,1265107
541,MONMOUTH REAL ESTATE INVESTMENT CORP,67625
542,MONSANTO CO /NEW/,1110783
543,MOOG INC,67887
544,MOSAIC CO,1285785
545,MOSCOW CABLECOM CORP,6383
546,MOTHERS WORK INC,896985
547,MPW INDUSTRIAL SERVICES GROUP INC,1047098
548,MRO SOFTWARE INC,920354
549,MSC INDUSTRIAL DIRECT CO INC,1003078
550,MTI TECHNOLOGY CORP,901696
551,"MTM Technologies, Inc.",906282
552,"MTS MEDICATION TECHNOLOGIES, INC /DE/",823560
553,MTS SYSTEMS CORP,68709
554,MULTI FINELINE ELECTRONIX INC,830916
555,MULTIMEDIA GAMES INC,896400
556,"MVC CAPITAL, INC.",1099941
557,"Mueller Group, Inc.",1290999
558,"Mueller Water Products, Inc.",1291000
559,NAPSTER INC,1122787
560,NASB FINANCIAL INC,1059131
561,NASSDA CORP,1157624
562,NATIONAL BEEF PACKING CO LLC,1273784
563,NATIONAL FUEL GAS CO,70145
564,NATIONAL HOME HEALTH CARE CORP,728389
565,NATIONAL MEDICAL HEALTH CARD SYSTEMS INC,813562
566,NATIONAL SEMICONDUCTOR CORP,70530
567,NATIONAL WINE & SPIRITS INC,1081971
568,NAVISITE INC,1084750
569,NBTY INC,70793
570,NCI BUILDING SYSTEMS INC,883902
571,NDCHEALTH CORP,70033
572,NEBRASKA BOOK CO,1056758
573,NEENAH FOUNDRY CO,1040599
574,NEIGHBORCARE INC,874265
575,NEIMAN MARCUS GROUP INC,819539
576,NEON SYSTEMS INC,1072978
577,NEOWARE SYSTEMS INC,894743
578,NET2PHONE INC,1086472
579,NETIQ CORP,1084827
580,NETOPIA INC,1012482
581,NETWORK ENGINES INC,1110903
582,NEUROBIOLOGICAL TECHNOLOGIES INC /CA/,918112
583,NEVSTAR GAMING & ENTERTAINMENT CORP,1006384
584,NEW ENGLAND POWER CO,71337
585,NEW JERSEY RESOURCES CORP,356309
586,"NEWARK GROUP, INC",1047290
587,NIAGARA MOHAWK POWER CORP /NY/,71932
588,NITCHES INC,772263
589,NITROUS OXIDE CORP,1158060
590,NOBEL LEARNING COMMUNITIES INC,721237
591,NOBILITY HOMES INC,72205
592,NOFIRE TECHNOLOGIES INC,823070
593,NORDICTRACK INC,1174470
594,NORDSON CORP,72331
595,NORTEL NETWORKS LTD,1119664
596,NORTH SHORE GAS CO /IL/,110101
597,NORTHEAST PENNSYLVANIA FINANCIAL CORP,1050996
598,NORTHFIELD LABORATORIES INC /DE/,920947
599,NORTHLAND CRANBERRIES INC /WI/,818010
600,NORTHWEST BANCORP INC,1042064
601,NOVELL INC,758004
602,NU HORIZONS ELECTRONICS CORP,718074
603,NUCO2 INC /FL,947577
604,NUTRACEUTICAL INTERNATIONAL CORP,1050007
605,NUTRITION 21 INC,744962
606,NUTRITION MANAGEMENT SERVICES CO/PA,879303
607,NWH INC,915016
608,NYER MEDICAL GROUP INC,884647
609,OBSIDIAN ENTERPRISES INC,825521
610,OLYMPIC CASCADE FINANCIAL CORP,1023844
611,OPTICAL CABLE CORP,1000230
612,OPTICAL COMMUNICATION PRODUCTS INC,1122668
613,ORACLE CORP /DE/,777676
614,ORLEANS HOMEBUILDERS INC,38570
615,OSHKOSH TRUCK CORP,775158
616,OSULLIVAN INDUSTRIES HOLDINGS INC,915354
617,OSULLIVAN INDUSTRIES INC,1107978
618,OUTLOOK GROUP CORP,867490
619,OVERHILL FARMS INC,1101020
620,OYO GEOSPACE CORP,1001115
621,PALM HARBOR HOMES INC /FL/,923473
622,PALMONE INC,1100389
623,PALMSOURCE INC,1178056
624,PANHANDLE ROYALTY CO,315131
625,PANTRY INC,915862
626,PARAMETRIC TECHNOLOGY CORP,857005
627,PARLEX CORP,724988
628,PARTY CITY CORP,1005972
629,PATRIOT TRANSPORTATION HOLDING INC,844059
630,PBSJ CORP /FL/,1117414
631,PEAK INTERNATIONAL LTD,1036081
632,PEDIATRIC SERVICES OF AMERICA INC,893430
633,PEERLESS MANUFACTURING CO,76954
634,PEMSTAR INC,924829
635,PENFORD CORP,739608
636,PENHALL INTERNATIONAL CORP,1070772
637,PENN OCTANE CORP,893813
638,PENNFED FINANCIAL SERVICES INC,920945
639,PEOPLES BANCORP,869004
640,PEOPLES COMMUNITY BANCORP INC /MD/,1100983
641,PEOPLES ENERGY CORP,77385
642,PEOPLES GAS LIGHT & COKE CO,77388
643,PEOPLES OHIO FINANCIAL CORP,1157843
644,PEREGRINE SYSTEMS INC,1031107
645,PFF BANCORP INC,1004969
646,PHARSIGHT CORP,1040853
647,PHC INC /MA/,915127
648,PHIBRO ANIMAL HEALTH CORP,1069899
649,PHOENIX TECHNOLOGIES LTD,832767
650,PHOTON DYNAMICS INC,1002663
651,PHOTOWORKS INC /WA,791050
652,PHOTRONICS INC,810136
653,PIEDMONT NATURAL GAS CO INC,78460
654,PIERRE FOODS INC,67494
655,PINNACLE SYSTEMS INC,774695
656,PIONEER FINANCIAL SERVICES INC,1216752
657,PLANAR SYSTEMS INC,722392
658,PLASTIPAK HOLDINGS INC,1161738
659,PLATO LEARNING INC,893965
660,PLEXUS CORP,785786
661,POCAHONTAS BANCORP INC,1051859
662,POLYMEDICA CORP,878748
663,PORTOLA PACKAGING INC,788983
664,POSSIS MEDICAL INC,79677
665,POWELL INDUSTRIES INC,80420
666,PPC INC,1045544
667,PPOL INC,1202507
668,PRESIDENT CASINOS INC,888507
669,PRICESMART INC,1041803
670,PRINTRONIX INC,311505
671,PRO-FAC COOPERATIVE INC,202932
672,PROCTER & GAMBLE CO,80424
673,PRODUCTIVITY TECHNOLOGIES CORP /,911787
674,PROFESSIONAL VETERINARY PRODUCTS LTD /MO/,947425
675,PROVIDE COMMERCE INC,1263756
676,PROVIDENT BANCORP INC/NY/,1070154
677,PRUDENTIAL BANCORP INC OF PENNSYLVANIA,1302324
678,PSF GROUP HOLDINGS INC,1143967
679,PULASKI FINANCIAL CORP,1062438
680,PVC CONTAINER CORP,81288
681,Prosoft Learning CORP,1018693
682,QEP CO INC,1017815
683,QUALCOMM INC/DE,804328
684,QUANEX CORP,276889
685,QUEST RESOURCE CORP,775351
686,QUIKSILVER INC,805305
687,QUIXOTE CORP,32870
688,RALCORP HOLDINGS INC /MO,1029506
689,RAYMOND JAMES FINANCIAL INC,720005
690,RAYOVAC CORP,1028985
691,RCG COMPANIES INC,722839
692,READERS DIGEST ASSOCIATION INC,858558
693,RED D ARC INC,1158062
694,REDENVELOPE INC,1236038
695,REMEDYTEMP INC,1013467
696,RENT WAY INC,893046
697,RENTECH INC /CO/,868725
698,RESOURCE AMERICA INC,83402
699,RESPIRONICS INC,780434
700,REXNORD CORP,843762
701,REYNOLDS & REYNOLDS CO,83588
702,RF MONOLITHICS INC /DE/,922204
703,RGC RESOURCES INC,1069533
704,RICA FOODS INC,789881
705,RIVIERA TOOL CO,1018349
706,ROADHOUSE GRILL INC,1019376
707,ROANOKE ELECTRIC STEEL CORP,84278
708,ROANOKE TECHNOLOGY CORP,1076534
709,ROBBINS & MYERS INC,84290
710,ROCHESTER MEDICAL CORPORATION,868368
711,ROCK TENN CO,230498
712,ROCKWELL COLLINS INC,1137411
713,ROCKY MOUNTAIN MINERALS INC,312583
714,ROFIN SINAR TECHNOLOGIES INC,1019361
715,ROTONICS MANUFACTURING INC/DE,801873
716,RUDDICK CORP,85704
717,RURAL METRO CORP /DE/,906326
718,RUTLAND TOOL & SUPPLY CO INC,1158057
719,Remote Dynamics Inc,944400
720,S&C HOLDCO 3 INC,1199114
721,S3I HOLDINGS INC,1161647
722,SALTON INC,878280
723,SANDERSON FARMS INC,812128
724,SANMINA-SCI CORP,897723
725,SBS TECHNOLOGIES INC,880208
726,SCANSOFT INC,1002517
727,SCHEIB EARL INC,87196
728,SCHICK TECHNOLOGIES INC,1014507
729,SCHNITZER STEEL INDUSTRIES INC,912603
730,SCHULMAN A INC,87565
731,SCIENTIFIC ATLANTA INC,87777
732,SCOTTS COMPANY,825542
733,SEA PINES ASSOCIATES INC,846926
734,SECURITY CAPITAL CORP/DE/,314340
735,SEMINIS INC,1078259
736,SEMITOOL INC,934550
737,SENSUS METERING SYSTEMS BERMUDA 2 LTD,1281226
738,SENSUS METERING SYSTEMS INC,1281223
739,SERACARE LIFE SCIENCES INC,1156295
740,SHILOH INDUSTRIES INC,904979
741,SHOPSMITH INC,89925
742,SHUFFLE MASTER INC,718789
743,SI TECHNOLOGIES INC,719582
744,SIFCO INDUSTRIES INC,90168
745,SIGNATURE EYEWEAR INC,1036292
746,SILICON GRAPHICS INC,802301
747,SILVERSTAR HOLDINGS LTD,1003390
748,SITI-SITES COM INC,812551
749,SKYWORKS SOLUTIONS INC,4127
750,SOLA INTERNATIONAL INC,912088
751,SOLECTRON CORP,835541
752,SONIC CORP,868611
753,SONIC FOUNDRY INC,1029744
754,SONOMAWEST HOLDINGS INC,102588
755,SOUND FEDERAL BANCORP INC,1064236
756,SOURCECORP INC,936931
757,SPAN AMERICA MEDICAL SYSTEMS INC,718924
758,SPARTECH CORP,77597
759,SPEAR & JACKSON INC,1107206
760,SPECIAL DEVICES INC /DE,875525
761,SPECTRUM CONTROL INC,92769
762,SPESCOM SOFTWARE INC,813747
763,SPORT HALEY INC,892653
764,SPORTS ARENAS INC,93003
765,SRA INTERNATIONAL INC,906192
766,ST JOHN KNITS INTERNATIONAL INC,1080280
767,STANDARD COMMERCIAL CORP,93319
768,STANDARD MICROSYSTEMS CORP,93384
769,STAR GAS FINANCE CO,1223037
770,STARBUCKS CORP,829224
771,STARCRAFT CORP /IN/,906473
772,STARTECH ENVIRONMENTAL CORP,875762
773,STATER BROS HOLDINGS INC,882829
774,STEAK & SHAKE CO,93859
775,STEEL TECHNOLOGIES INC,771790
776,STEELCASE INC,1050825
777,STELLENT INC,867347
778,STERLING SUGARS INC,94185
779,STEWART ENTERPRISES INC,878522
780,STONEPATH GROUP INC,1093546
781,STRATEX NETWORKS INC,812703
782,STRATOS INTERNATIONAL INC,1111721
783,STRATUS SERVICES GROUP INC,1044391
784,SUN MICROSYSTEMS INC,709519
785,SUNTERRA CORP,1016577
786,SUPER TEST PETROLEUM INC,1045545
787,SURMODICS INC,924717
788,SYBRON DENTAL SPECIALTIES INC,1121302
789,SYNOPSYS INC,883241
790,SYNTHETECH INC,749290
791,"SoftBrands, Inc.",1311926
792,TALX CORP,917524
793,TARANTELLA INC,851560
794,TARGET LOGISTICS INC,1009480
795,TEAMSTAFF INC,785557
796,TECH OPS SEVCON INC,825411
797,TECHE HOLDING CO,934538
798,TEKNI PLEX INC,1039542
799,TEKTRONIX INC,96879
800,TELEVIDEO INC,353779
801,TELULAR CORP,915324
802,TENGTU INTERNATIONAL CORP,847597
803,TERREMARK WORLDWIDE INC,912890
804,TETRA TECH INC,831641
805,TEXAS INDUSTRIES INC,97472
806,THERMA WAVE INC,828119
807,THOMAS NELSON INC,71023
808,TIER TECHNOLOGIES INC,1045150
809,TIMBERLAND BANCORP INC,1046050
810,TJT INC,1002577
811,TNR TECHNICAL INC,723615
812,TODD SHIPYARDS CORP,98537
813,TODHUNTER INTERNATIONAL INC,98544
814,TOLL BROTHERS INC,794170
815,TOPPS CO INC,812076
816,TORO CO,737758
817,TRANSDIGM HOLDING CO,1077672
818,TRANSDIGM INC,1077670
819,TRANSMONTAIGNE INC,755199
820,TRANSNET CORP,99313
821,TRIPATH TECHNOLOGY INC,1045739
822,TUFCO TECHNOLOGIES INC,895329
823,TUTOGEN MEDICAL INC,816949
824,TVIA INC,1109279
825,TWEETER HOME ENTERTAINMENT GROUP INC,1060390
826,TYCO INTERNATIONAL LTD /BER/,833444
827,TYSON FOODS INC,100493
828,"Thomas Equipment, Inc.",1122380
829,U HAUL INTERNATIONAL INC,4458
830,"U. S. Premium Beef, Inc.",1289237
831,UAP HOLDING CORP,1279529
832,UCI MEDICAL AFFILIATES INC,737561
833,UGI CORP /PA/,884614
834,UGI UTILITIES INC,100548
835,UNIFAB INTERNATIONAL INC,101990
836,UNIFIED WESTERN GROCERS INC,320431
837,UNIFIRST CORP,717954
838,UNIMARK GROUP INC,922712
839,UNITED AGRI PRODUCTS INC,1274762
840,UNITED FINANCIAL MORTGAGE CORP,916823
841,UNITED JET CENTER INC,1045542
842,UNITED REFINING CO,101462
843,UNITED REFINING CO /PA/,1040270
844,UNIVERSAL COMPRESSION HOLDINGS INC,1057234
845,UNIVERSAL COMPRESSION INC,1057233
846,UNIVERSAL TECHNICAL INSTITUTE INC,1261654
847,UNIVERSAL TECHNICAL SERVICES INC,1101200
848,URSTADT BIDDLE PROPERTIES INC,1029800
849,VALCAPX ACQUISITION CORP,1142056
850,VALENTIS INC,932352
851,VALLEY NATIONAL GASES INC,1030715
852,VALSPAR CORP,102741
853,VARIAN INC,1079028
854,VARIAN MEDICAL SYSTEMS INC,203527
855,VARIAN SEMICONDUCTOR EQUIPMENT ASSOCIATES INC,1079023
856,VELOCITY EXPRESS CORP,1002902
857,VERITY INC \DE\,949956
858,VERMONT PURE HOLDINGS LTD/DE,1123316
859,VERMONT TEDDY BEAR CO INC,912960
860,VERSATA INC,1034397
861,VERTRUE INC,1020996
862,VICON INDUSTRIES INC /NY/,310056
863,VIRAGE LOGIC CORP,1050776
864,VIRAGEN INC,353482
865,VIRAGEN INTERNATIONAL INC,785081
866,"VISTACARE, INC.",787030
867,VITAL SIGNS INC,865846
868,VITESSE SEMICONDUCTOR CORP,880446
869,"VOLT INFORMATION SCIENCES, INC.",103872
870,VPGI CORP,755229
871,VSI LIQUIDATION CORP,873571
872,VULCAN ASPHALT REFINING CORP,1045546
873,W W CAPITAL CORP,831253
874,WALT DISNEY CO/,1001039
875,WARRANTECH CORP,735571
876,WASHINGTON FEDERAL INC,936528
877,WASHINGTON GAS LIGHT CO,104819
878,WATER PIK TECHNOLOGIES INC,1094286
879,WATSON WYATT & CO HOLDINGS,1103126
880,WD 40 CO,105132
881,WEBMETHODS INC,1035096
882,WEGENER CORP,715073
883,WELLCO ENTERPRISES INC,105532
884,WESTAFF INC,931911
885,WESTERN POWER & EQUIPMENT CORP,939729
886,WESTERN WATER CO,866671
887,WGL HOLDINGS INC,1103601
888,WHITE ELECTRONIC DESIGNS CORP,13606
889,WHOLE FOODS MARKET INC,865436
890,WILLIAMS CONTROLS INC,854860
891,WILLIAMS INDUSTRIES INC,107294
892,WILLOW GROVE BANCORP INC/NEW,1163428
893,WINDSWEPT ENVIRONMENTAL GROUP INC,814915
894,WINFIELD CAPITAL CORP,936404
895,WMG Acquisition Corp,1309987
896,WOODHEAD INDUSTRIES INC,108215
897,WOODWARD GOVERNOR CO,108312
898,"WSI INDUSTRIES, INC.",104897
899,XETA TECHNOLOGIES INC,742550
900,YALE INDUSTRIAL PRODUCTS INC,1062624
901,YP CORP,1045742
902,ZARLINK SEMICONDUCTOR INC,352435
903,ZILA INC,827156
904,ZOLL MEDICAL CORPORATION,887568
905,ZOLTEK COMPANIES INC,890923
